module_name,layer_index,block_name,out_features,in_features,num_singular_values,effective_rank,effective_rank_ratio,stable_rank,spectral_norm,frobenius_norm
model.layers.0.mlp.gate_proj,0,mlp.gate_proj,3072,1024,1024,942.10107421875,0.920020580291748,67.36933898925781,7.916100978851318,64.97441864013672
model.layers.0.mlp.up_proj,0,mlp.up_proj,3072,1024,1024,969.1163940429688,0.9464027285575867,272.5849609375,2.7778875827789307,45.86333465576172
model.layers.0.mlp.down_proj,0,mlp.down_proj,1024,3072,1024,968.28955078125,0.9455952644348145,124.09599304199219,4.17839241027832,46.54661178588867
model.layers.1.mlp.gate_proj,1,mlp.gate_proj,3072,1024,1024,951.7923583984375,0.9294847249984741,72.2553482055664,9.134190559387207,77.64348602294922
model.layers.1.mlp.up_proj,1,mlp.up_proj,3072,1024,1024,963.7587890625,0.9411706924438477,224.87149047851562,2.7657482624053955,41.4743766784668
model.layers.1.mlp.down_proj,1,mlp.down_proj,1024,3072,1024,958.6273193359375,0.9361594915390015,113.9785385131836,3.7814857959747314,40.371421813964844
model.layers.2.mlp.gate_proj,2,mlp.gate_proj,3072,1024,1024,944.2846069335938,0.9221529364585876,83.8221206665039,7.698693752288818,70.48494720458984
model.layers.2.mlp.up_proj,2,mlp.up_proj,3072,1024,1024,961.180419921875,0.938652753829956,79.01472473144531,4.722982883453369,41.98270034790039
model.layers.2.mlp.down_proj,2,mlp.down_proj,1024,3072,1024,958.5765380859375,0.9361099004745483,110.61298370361328,3.996126174926758,42.028343200683594
model.layers.3.mlp.gate_proj,3,mlp.gate_proj,3072,1024,1024,951.048828125,0.9287586212158203,74.53206634521484,8.18877124786377,70.69526672363281
model.layers.3.mlp.up_proj,3,mlp.up_proj,3072,1024,1024,963.2694702148438,0.9406928420066833,240.1704559326172,2.816108226776123,43.642452239990234
model.layers.3.mlp.down_proj,3,mlp.down_proj,1024,3072,1024,954.0693359375,0.9317083358764648,151.16661071777344,3.4595682621002197,42.535335540771484
model.layers.4.mlp.gate_proj,4,mlp.gate_proj,3072,1024,1024,944.748046875,0.9226055145263672,52.951011657714844,9.310973167419434,67.75357055664062
model.layers.4.mlp.up_proj,4,mlp.up_proj,3072,1024,1024,960.8335571289062,0.9383140206336975,139.36659240722656,3.739156484603882,44.14209747314453
model.layers.4.mlp.down_proj,4,mlp.down_proj,1024,3072,1024,951.9421997070312,0.9296310544013977,139.75653076171875,3.625950813293457,42.86550521850586
model.layers.5.mlp.gate_proj,5,mlp.gate_proj,3072,1024,1024,943.2455444335938,0.9211382269859314,78.18749237060547,6.905397415161133,61.06007385253906
model.layers.5.mlp.up_proj,5,mlp.up_proj,3072,1024,1024,957.279296875,0.9348430633544922,242.81349182128906,2.9865944385528564,46.53853225708008
model.layers.5.mlp.down_proj,5,mlp.down_proj,1024,3072,1024,953.0926513671875,0.930754542350769,129.4297332763672,3.974937677383423,45.22174835205078
model.layers.6.mlp.gate_proj,6,mlp.gate_proj,3072,1024,1024,942.0485229492188,0.9199692606925964,64.86418151855469,7.3755903244018555,59.40176010131836
model.layers.6.mlp.up_proj,6,mlp.up_proj,3072,1024,1024,956.8179321289062,0.934392511844635,276.3681945800781,2.7945358753204346,46.457271575927734
model.layers.6.mlp.down_proj,6,mlp.down_proj,1024,3072,1024,937.05810546875,0.9150958061218262,132.51113891601562,3.875181198120117,44.60856246948242
model.layers.7.mlp.gate_proj,7,mlp.gate_proj,3072,1024,1024,933.7267456054688,0.9118425250053406,65.11835479736328,7.404042720794678,59.74761962890625
model.layers.7.mlp.up_proj,7,mlp.up_proj,3072,1024,1024,952.9781494140625,0.9306427240371704,230.67933654785156,3.037421703338623,46.13275909423828
model.layers.7.mlp.down_proj,7,mlp.down_proj,1024,3072,1024,934.385009765625,0.9124853610992432,94.3114013671875,4.508680820465088,43.78562927246094
model.layers.8.mlp.gate_proj,8,mlp.gate_proj,3072,1024,1024,934.2540283203125,0.9123574495315552,74.35552215576172,6.773316860198975,58.40607452392578
model.layers.8.mlp.up_proj,8,mlp.up_proj,3072,1024,1024,952.565185546875,0.9302394390106201,198.0528564453125,3.279545783996582,46.15346145629883
model.layers.8.mlp.down_proj,8,mlp.down_proj,1024,3072,1024,927.9140625,0.9061660766601562,98.55422973632812,4.472670078277588,44.402198791503906
model.layers.9.mlp.gate_proj,9,mlp.gate_proj,3072,1024,1024,924.2739868164062,0.9026113152503967,75.10208129882812,6.910012722015381,59.8831787109375
model.layers.9.mlp.up_proj,9,mlp.up_proj,3072,1024,1024,948.514892578125,0.9262840747833252,236.08648681640625,3.0533437728881836,46.91495132446289
model.layers.9.mlp.down_proj,9,mlp.down_proj,1024,3072,1024,928.2305297851562,0.9064751267433167,105.19157409667969,4.221611976623535,43.298095703125
model.layers.10.mlp.gate_proj,10,mlp.gate_proj,3072,1024,1024,922.3685302734375,0.9007505178451538,85.91633605957031,6.421482563018799,59.52140808105469
model.layers.10.mlp.up_proj,10,mlp.up_proj,3072,1024,1024,946.811279296875,0.9246203899383545,221.763916015625,3.116114854812622,46.40437316894531
model.layers.10.mlp.down_proj,10,mlp.down_proj,1024,3072,1024,935.652099609375,0.9137227535247803,112.89762878417969,3.9453437328338623,41.92057800292969
model.layers.11.mlp.gate_proj,11,mlp.gate_proj,3072,1024,1024,925.227783203125,0.9035427570343018,93.17691802978516,5.7083001136779785,55.101192474365234
model.layers.11.mlp.up_proj,11,mlp.up_proj,3072,1024,1024,944.6620483398438,0.9225215315818787,241.53880310058594,3.0783424377441406,47.84211349487305
model.layers.11.mlp.down_proj,11,mlp.down_proj,1024,3072,1024,922.4151611328125,0.9007960557937622,83.22733306884766,4.8746657371521,44.47109603881836
model.layers.12.mlp.gate_proj,12,mlp.gate_proj,3072,1024,1024,922.6689453125,0.9010438919067383,100.8367919921875,5.247983932495117,52.69895553588867
model.layers.12.mlp.up_proj,12,mlp.up_proj,3072,1024,1024,945.1932373046875,0.9230402708053589,243.63848876953125,3.0243656635284424,47.20709228515625
model.layers.12.mlp.down_proj,12,mlp.down_proj,1024,3072,1024,915.6956176757812,0.8942340016365051,78.4737548828125,4.999640464782715,44.28952407836914
model.layers.13.mlp.gate_proj,13,mlp.gate_proj,3072,1024,1024,915.2879028320312,0.8938358426094055,105.4997787475586,4.925474643707275,50.591068267822266
model.layers.13.mlp.up_proj,13,mlp.up_proj,3072,1024,1024,938.4989013671875,0.916502833366394,243.33192443847656,2.9029603004455566,45.2835693359375
model.layers.13.mlp.down_proj,13,mlp.down_proj,1024,3072,1024,909.2930297851562,0.8879814743995667,78.80449676513672,4.797845363616943,42.59138488769531
model.layers.14.mlp.gate_proj,14,mlp.gate_proj,3072,1024,1024,913.1614379882812,0.8917592167854309,103.19258117675781,4.76096773147583,48.36369323730469
model.layers.14.mlp.up_proj,14,mlp.up_proj,3072,1024,1024,937.1492919921875,0.9151848554611206,233.34918212890625,2.859872341156006,43.68675994873047
model.layers.14.mlp.down_proj,14,mlp.down_proj,1024,3072,1024,909.9835205078125,0.8886557817459106,82.19914245605469,4.618951797485352,41.877140045166016
model.layers.15.mlp.gate_proj,15,mlp.gate_proj,3072,1024,1024,914.3740234375,0.8929433822631836,98.31002807617188,4.901305675506592,48.59714126586914
model.layers.15.mlp.up_proj,15,mlp.up_proj,3072,1024,1024,938.0957641601562,0.9161091446876526,227.90853881835938,2.952578544616699,44.574012756347656
model.layers.15.mlp.down_proj,15,mlp.down_proj,1024,3072,1024,906.6338500976562,0.8853846192359924,103.61116027832031,4.108675479888916,41.822025299072266
model.layers.16.mlp.gate_proj,16,mlp.gate_proj,3072,1024,1024,916.546142578125,0.8950645923614502,77.88465118408203,5.455592632293701,48.14685821533203
model.layers.16.mlp.up_proj,16,mlp.up_proj,3072,1024,1024,944.0653686523438,0.9219388365745544,205.5553741455078,3.211784839630127,46.048011779785156
model.layers.16.mlp.down_proj,16,mlp.down_proj,1024,3072,1024,939.8836059570312,0.9178550839424133,104.0176010131836,4.146167278289795,42.28635025024414
model.layers.17.mlp.gate_proj,17,mlp.gate_proj,3072,1024,1024,921.4246826171875,0.8998287916183472,89.85310363769531,5.098623752593994,48.33030319213867
model.layers.17.mlp.up_proj,17,mlp.up_proj,3072,1024,1024,935.8984375,0.9139633178710938,184.24752807617188,3.5089027881622314,47.62907409667969
model.layers.17.mlp.down_proj,17,mlp.down_proj,1024,3072,1024,932.0989990234375,0.9102529287338257,146.085205078125,3.523242235183716,42.58391571044922
model.layers.18.mlp.gate_proj,18,mlp.gate_proj,3072,1024,1024,925.9406127929688,0.9042388796806335,78.79100036621094,5.442576885223389,48.310646057128906
model.layers.18.mlp.up_proj,18,mlp.up_proj,3072,1024,1024,940.3292236328125,0.9182902574539185,142.9483184814453,4.023921966552734,48.110408782958984
model.layers.18.mlp.down_proj,18,mlp.down_proj,1024,3072,1024,933.0408935546875,0.9111727476119995,110.69259643554688,4.2213311195373535,44.41285705566406
model.layers.19.mlp.gate_proj,19,mlp.gate_proj,3072,1024,1024,922.6029663085938,0.9009794592857361,73.51045989990234,5.5441484451293945,47.534549713134766
model.layers.19.mlp.up_proj,19,mlp.up_proj,3072,1024,1024,939.1963500976562,0.9171839356422424,117.49590301513672,4.6455159187316895,50.35531234741211
model.layers.19.mlp.down_proj,19,mlp.down_proj,1024,3072,1024,931.4285888671875,0.9095982313156128,129.1743927001953,4.1343994140625,46.989479064941406
model.layers.20.mlp.gate_proj,20,mlp.gate_proj,3072,1024,1024,925.2661743164062,0.9035802483558655,73.72462463378906,5.668671131134033,48.672935485839844
model.layers.20.mlp.up_proj,20,mlp.up_proj,3072,1024,1024,932.2461547851562,0.9103966355323792,118.43338775634766,4.873043537139893,53.03192138671875
model.layers.20.mlp.down_proj,20,mlp.down_proj,1024,3072,1024,929.6741333007812,0.9078848958015442,143.48880004882812,4.162414073944092,49.860233306884766
model.layers.21.mlp.gate_proj,21,mlp.gate_proj,3072,1024,1024,926.7599487304688,0.9050390124320984,70.27545166015625,5.9325714111328125,49.73301315307617
model.layers.21.mlp.up_proj,21,mlp.up_proj,3072,1024,1024,934.3894653320312,0.9124897122383118,154.76011657714844,4.553800106048584,56.65046691894531
model.layers.21.mlp.down_proj,21,mlp.down_proj,1024,3072,1024,938.0148315429688,0.9160301089286804,162.29708862304688,4.205027103424072,53.5703125
model.layers.22.mlp.gate_proj,22,mlp.gate_proj,3072,1024,1024,933.9195556640625,0.912030816078186,70.21148681640625,6.117642402648926,51.261131286621094
model.layers.22.mlp.up_proj,22,mlp.up_proj,3072,1024,1024,941.393798828125,0.9193298816680908,207.56527709960938,4.09319543838501,58.97118377685547
model.layers.22.mlp.down_proj,22,mlp.down_proj,1024,3072,1024,931.1581420898438,0.909334123134613,162.87538146972656,4.430418014526367,56.54216384887695
model.layers.23.mlp.gate_proj,23,mlp.gate_proj,3072,1024,1024,937.2337646484375,0.9152673482894897,67.93750762939453,6.342426776885986,52.27695083618164
model.layers.23.mlp.up_proj,23,mlp.up_proj,3072,1024,1024,944.0136108398438,0.9218882918357849,190.3598175048828,4.366847038269043,60.24979782104492
model.layers.23.mlp.down_proj,23,mlp.down_proj,1024,3072,1024,923.2613525390625,0.9016224145889282,174.1739044189453,4.41358757019043,58.24830627441406
model.layers.24.mlp.gate_proj,24,mlp.gate_proj,3072,1024,1024,942.4744873046875,0.9203852415084839,79.16521453857422,5.793760776519775,51.549888610839844
model.layers.24.mlp.up_proj,24,mlp.up_proj,3072,1024,1024,947.5185546875,0.9253110885620117,218.52450561523438,4.128608703613281,61.03146743774414
model.layers.24.mlp.down_proj,24,mlp.down_proj,1024,3072,1024,926.7833862304688,0.9050619006156921,191.7126922607422,4.264986515045166,59.05315399169922
model.layers.25.mlp.gate_proj,25,mlp.gate_proj,3072,1024,1024,942.8147583007812,0.9207175374031067,94.16393280029297,5.180798530578613,50.27348327636719
model.layers.25.mlp.up_proj,25,mlp.up_proj,3072,1024,1024,947.6441650390625,0.9254337549209595,179.50244140625,4.580680847167969,61.37128829956055
model.layers.25.mlp.down_proj,25,mlp.down_proj,1024,3072,1024,941.144287109375,0.919086217880249,221.23004150390625,3.9479801654815674,58.72148895263672
model.layers.26.mlp.gate_proj,26,mlp.gate_proj,3072,1024,1024,939.292236328125,0.9172775745391846,65.10549926757812,6.150835037231445,49.629844665527344
model.layers.26.mlp.up_proj,26,mlp.up_proj,3072,1024,1024,950.0947265625,0.9278268814086914,86.36260223388672,6.5243096351623535,60.631378173828125
model.layers.26.mlp.down_proj,26,mlp.down_proj,1024,3072,1024,956.9091796875,0.9344816207885742,233.6610870361328,3.680534839630127,56.26057052612305
model.layers.27.mlp.gate_proj,27,mlp.gate_proj,3072,1024,1024,928.5164794921875,0.9067543745040894,17.738401412963867,12.903679847717285,54.346412658691406
model.layers.27.mlp.up_proj,27,mlp.up_proj,3072,1024,1024,942.1702880859375,0.9200881719589233,30.135517120361328,10.566132545471191,58.003658294677734
model.layers.27.mlp.down_proj,27,mlp.down_proj,1024,3072,1024,964.0465087890625,0.9414516687393188,155.8048095703125,3.833977222442627,47.856388092041016
